Model,MAE,RMSE,R2
Persistence Baseline,0.2668764302059496,1.657233986233042,-0.3030860576907959
Linear Regression - SpO2 History,0.4204644584623928,1.362954378974632,0.1186100901184996
Ridge - SpO2 History,0.4204565487923267,1.362850005016038,0.1187450772214556
Ridge - SpO2 + HR,0.4253690834650425,1.3635047548677763,0.1178981166147166
Ridge - All Vitals,0.5124472673292619,1.3844666927380442,0.0905675219555545
Random Forest - SpO2 History,0.4259503398155967,1.415256165865029,0.0496675758033091
Random Forest - SpO2 + HR,0.4452517629529656,1.4365797977560144,0.0208145639620563
Random Forest - All Vitals,0.4729700834642134,1.4358696904769233,0.0217823554559597
Gradient Boosting - SpO2 History,0.4317459776081171,1.3610064405581483,0.121127659888064
Gradient Boosting - SpO2 + HR,0.4415402937088091,1.3489870940530584,0.1365821452015786
Gradient Boosting - All Vitals,0.598006063004987,1.615048481797395,-0.2375893503075452
XGBoost - SpO2 History,0.4239085086150355,1.3629109008653633,0.1186663217226978
Tuned Gradient Boosting - SpO2 + HR,0.45253991473566824,1.3369500354152721,0.15192201434092978
